rating,published_at,author_name,review_url,text
5,2025-11-19T11:57:16.966Z,Irene Marges,https://www.google.com/maps/reviews/data=!4m8!14m7!1m6!2m5!1sCi9DQUlRQUNvZENodHljRjlvT21GTU5HbEZjRFYyVjBNelJuSnNSMHAwT1V4T1pFRRAB!2m1!1s0x0:0xb655cceb859fd69a!3m1!1s2@1:CAIQACodChtycF9oOmFMNGlFcDV2V0MzRnJsR0p0OUxOZEE%7C0d6Q1Rtb1ey%7C?hl=en,Celebr√© mi 30 cumplea√±os y fue todo un √©xito. El local es acogedor y Azul una camarera atent√≠sima.
4,2024-03-05T18:16:35.020Z,L. C. A.,https://www.google.com/maps/reviews/data=!4m8!14m7!1m6!2m5!1sChdDSUhNMG9nS0VJQ0FnSUM5cnFpejNBRRAB!2m1!1s0x0:0xb655cceb859fd69a!3m1!1s2@1:CIHM0ogKEICAgIC9rqiz3AE%7CCgsIg8OdrwYQ2Pr1CQ%7C?hl=en,"Buen Pub con buena m√∫sica de los 80-90.
La pena q no es muy grande y tiene poco aforo.
Lo bueno, es la alternativa cuando en el pub de al lado hay una gran fila para entrar."
1,2025-11-22T23:18:09.867Z,Eduardo Garc√≠a,https://www.google.com/maps/reviews/data=!4m8!14m7!1m6!2m5!1sCi9DQUlRQUNvZENodHljRjlvT2psWFVWZEpVRXd5YkVaWk4yNUNRa2xaYzJjelNsRRAB!2m1!1s0x0:0xb655cceb859fd69a!3m1!1s2@1:CAIQACodChtycF9oOjlXUVdJUEwybEZZN25CQklZc2czSlE%7C0d7ZHlni8yo%7C?hl=en,Llegamos a este pub de rebote en un cumplea√±os y fue lo peor que pudimos hacer. Podr√≠a ser el peor antro que he visitado en los √∫ltimos tiempos. Se acord√≥ un n√∫mero de consumiciones y no se respetaron.
5,2023-01-17T23:29:27.287Z,TATIANA BRUNETE LUNA,https://www.google.com/maps/reviews/data=!4m8!14m7!1m6!2m5!1sChZDSUhNMG9nS0VJQ0FnSURCaG9mS0x3EAE!2m1!1s0x0:0xb655cceb859fd69a!3m1!1s2@1:CIHM0ogKEICAgIDBhofKLw%7CCgwI196cngYQsLCaiQE%7C?hl=en,"Local con muy buen ambiente. Gente adulta , m√∫sica muy enfocada en los 80'90' pero siempre hay opci√≥n a variedad gracias al Dj tan majo que tienen. Trato excelente por la due√±a, que se adapta a las necesidades de los clientes. Volveremos sin duda"
5,2023-03-07T14:10:52.725Z,Inma Andr√©s,https://www.google.com/maps/reviews/data=!4m8!14m7!1m6!2m5!1sChdDSUhNMG9nS0VJQ0FnSURocG9pOHJnRRAB!2m1!1s0x0:0xb655cceb859fd69a!3m1!1s2@1:CIHM0ogKEICAgIDhpoi8rgE%7CCgwI7IudoAYQyKuX2gI%7C?hl=en,Celebramos el 40 cumplea√±os de mi marido y fenomenal la organizaci√≥n. Hemos quedado encantados. Gracias
5,2023-05-16T18:26:31.632Z,karina martinez,https://www.google.com/maps/reviews/data=!4m8!14m7!1m6!2m5!1sChZDSUhNMG9nS0VJQ0FnSUN4NXZtaEl3EAE!2m1!1s0x0:0xb655cceb859fd69a!3m1!1s2@1:CIHM0ogKEICAgICx5vmhIw%7CCgwI15WPowYQ0Pi-rQI%7C?hl=en,"Un sitio encantador!Nos dejaron alquilar el local para poder hacer una celebraci√≥n mas privada a un precio muy econ√≥mico, la decoraci√≥n del local muy bonita y agradable y que decir del personal, muy simp√°ticos muy buena atenci√≥n, nos divertimos mucho, muchas gracias por todo !!"
5,2025-10-14T11:15:02.918Z,Alex Sevilla,https://www.google.com/maps/reviews/data=!4m8!14m7!1m6!2m5!1sCi9DQUlRQUNvZENodHljRjlvT2xoalVVcFlZbmw1U0ZKNmVISkNMVFF5U1RGYVVtYxAB!2m1!1s0x0:0xb655cceb859fd69a!3m1!1s2@1:CAIQACodChtycF9oOlhjUUpYYnl5SFJ6eHJCLTQySTFaUmc%7C0cvY1qqj-Lk%7C?hl=en,Buen sitio para pas√°rselo bien a cualquier hora. Muy recomendable.
5,2024-06-17T15:21:49.380Z,Raquel Miranda Lopez,https://www.google.com/maps/reviews/data=!4m8!14m7!1m6!2m5!1sChdDSUhNMG9nS0VJQ0FnSUNMc3ItNHNRRRAB!2m1!1s0x0:0xb655cceb859fd69a!3m1!1s2@1:CIHM0ogKEICAgICLsr-4sQE%7CCgwIjanBswYQ4NTVtQE%7C?hl=en,"He celebrado una fiesta de cumplea√±os y no ha podido salir mejor, muy buen ambiente, el local decorado muy chulo,  la m√∫sica 80-90 buen√≠sima, hemos podido llevar comida, decorarlo.  Y sobre todo nos lo  pasamos muy, muy bien. Para celebraciones o para tomar algo con amigos lo recomiendo."
5,2023-01-24T10:16:32.496Z,jose luis robles garcia,https://www.google.com/maps/reviews/data=!4m8!14m7!1m6!2m5!1sChZDSUhNMG9nS0VJQ0FnSURCeGVDcVRnEAE!2m1!1s0x0:0xb655cceb859fd69a!3m1!1s2@1:CIHM0ogKEICAgIDBxeCqTg%7CCgwIgOC-ngYQ6LbE7AE%7C?hl=en,Que agradable sorpresa. No lo conoc√≠amos y el trato del personal del local como si fu√©semos todos los d√≠as. Las copas de las buenas y la m√∫sica genial.¬øQue mas se puede pedir? Mi cumplea√±os es en abril y ya se donde lo voy a celebrar. Muchas gracias por tratarnos as√≠. No cambi√©is.
5,2022-06-26T18:08:22.574Z,Ana Isabel Mei,https://www.google.com/maps/reviews/data=!4m8!14m7!1m6!2m5!1sChdDSUhNMG9nS0VJQ0FnSURPNk52cGh3RRAB!2m1!1s0x0:0xb655cceb859fd69a!3m1!1s2@1:CIHM0ogKEICAgIDO6NvphwE%7CCgwIlsHilQYQwNqCkgI%7C?hl=en,"Local perfecto para eventos privados, el lugar es fant√°stico, el servicio inmejorable y el personal es s√∫per atento. Nos trataron genial, dejaron que pusi√©ramos la m√∫sica que quer√≠amos, nos preguntaron de antemano si alg√∫n invitado quer√≠a de beber algo en especial para prepararlo. Sali√≥ todo perfecto, repetir√© sin duda y lo recomiendo al 100%!"
5,2024-01-21T20:03:33.064Z,Yolanda Moro,https://www.google.com/maps/reviews/data=!4m8!14m7!1m6!2m5!1sChZDSUhNMG9nS0VJQ0FnSUROMnVTX1VREAE!2m1!1s0x0:0xb655cceb859fd69a!3m1!1s2@1:CIHM0ogKEICAgIDN2uS_UQ%7CCgwIzvK1rQYQ6OrF2AE%7C?hl=en,"Celebr√© mi 50 cumplea√±os. Todo facilidades,nosotros pusimos la comida en la barra, nos cerraron el bar para nosotros 3 horas.
Musica de los 80's 90's, y dejandonos elegir.
Un buen sitio para celebrar con amigos."
5,2023-12-11T16:01:26.917Z,Veronica Garcia Marquez,https://www.google.com/maps/reviews/data=!4m8!14m7!1m6!2m5!1sChdDSUhNMG9nS0VJQ0FnSURWdlBEa3pnRRAB!2m1!1s0x0:0xb655cceb859fd69a!3m1!1s2@1:CIHM0ogKEICAgIDVvPDkzgE%7CCgwI1uTcqwYQqPXatQM%7C?hl=en,Bar ideal para una celebraci√≥n privada! C√©lebre mis 40 cumplea√±os y tuve q organizarlo todo desde londres y todo genial! El tama√±o y la decoraci√≥n del local muy bien. Todo el equipo s√∫per amables y muy buen servicio. Recomiendo 100%
5,2024-04-06T16:30:31.893Z,Maria M,https://www.google.com/maps/reviews/data=!4m8!14m7!1m6!2m5!1sChZDSUhNMG9nS0VJQ0FnSUREN0thdURBEAE!2m1!1s0x0:0xb655cceb859fd69a!3m1!1s2@1:CIHM0ogKEICAgIDD7KauDA%7CCgwIp_HFsAYQ0LiAqgM%7C?hl=en,Celebramos un cumple y estuvo muy bien. El local est√° decorado muy chulo y fueron muy amables con todo lo que les pedimos. Volver√≠a a repetir!
5,2024-04-27T20:56:52.407Z,Ele Na,https://www.google.com/maps/reviews/data=!4m8!14m7!1m6!2m5!1sChZDSUhNMG9nS0VJQ0FnSURqZ09DSFNREAE!2m1!1s0x0:0xb655cceb859fd69a!3m1!1s2@1:CIHM0ogKEICAgIDjgOCHSQ%7CCgwIlM21sQYQ8KuswgE%7C?hl=en,"Incre√≠ble. Una quedada de primos y acabamos en este garito sin pensarlo. Volveremos una y mil veces m√°s. Azul una aut√©ntica joya. Maja, simp√°tica, servicial y super profesional, faltan palabras para describir lo bien que se port√≥ con nosotros y con el resto de grupos que fue entrando poco a poco en el pub. Es maravilloso dar con personas as√≠ en este tipo de bares. Gente aut√©ntica y cercana que hace que vuelvas. Gracias Azul. ‚ù§Ô∏è Si voy a un garito quiero m√°s personas as√≠! Como ella y como Piti! Gracias!"
5,2022-06-01T23:00:44.486Z,Carlos Rerucha,https://www.google.com/maps/reviews/data=!4m8!14m7!1m6!2m5!1sChdDSUhNMG9nS0VJQ0FnSUNPeEstVzJBRRAB!2m1!1s0x0:0xb655cceb859fd69a!3m1!1s2@1:CIHM0ogKEICAgICOxK-W2AE%7CCgwInN_flAYQiKDl5wE%7C?hl=en,"Escog√≠ este local para celebrar mi cumple con otro amigo y sali√≥ todo a la perfecci√≥n. El personal es amable, te ayuda a colocar y a preparar todo, precios geniales, muy buen rollo‚Ä¶ Un diez la verdad, repetir√≠a cien por cien. Eso s√≠, la pr√≥xima vez que haya dat√°fono porfi, facilita mucho los pagos."
5,2022-10-08T18:37:51.552Z,Claudia Matta,https://www.google.com/maps/reviews/data=!4m8!14m7!1m6!2m5!1sChdDSUhNMG9nS0VJQ0FnSURlaHFhem1nRRAB!2m1!1s0x0:0xb655cceb859fd69a!3m1!1s2@1:CIHM0ogKEICAgIDehqazmgE%7CCgwI_4aHmgYQiMXMhwI%7C?hl=en,"Ideal para festejar tu cumplea√±os, excelente atenci√≥n, s√∫per predispuestos para hacer la fiesta que quieres....y te ayudan en todo!!!. La m√∫sica genial de los 80 y 90 para bailar sin parar toda la noche....me ha encantado celebrar mi cumplea√±os con vosotros y sin duda repetir√©! Gracias Mar√≠a!"
5,2022-11-09T18:07:55.834Z,Laura Montero,https://www.google.com/maps/reviews/data=!4m8!14m7!1m6!2m5!1sChdDSUhNMG9nS0VJQ0FnSUMtdGJxY3NBRRAB!2m1!1s0x0:0xb655cceb859fd69a!3m1!1s2@1:CIHM0ogKEICAgIC-tbqcsAE%7CCgwI-9ivmwYQsNfsjQM%7C?hl=en,La celebraci√≥n fue un √©xito y la gente estuvo encantada y todo gracias a la buena organizaci√≥n con la que preparan la fiesta y pendientes que est√©s agusto.En la barra s√∫per atentos y el DJ  es majisimo y pone una m√∫sica genial y adem√°s todo las peticiones que le pides sin problemas las atiende.  Y la decoraci√≥n del local est√° genial!!sin duda repetir√≠a cualquier celebraci√≥n all√≠!!!
5,2022-06-05T12:52:07.280Z,Andreu Bernal Mart√≠nez,https://www.google.com/maps/reviews/data=!4m8!14m7!1m6!2m5!1sChdDSUhNMG9nS0VJQ0FnSUNPb3E2d2dBRRAB!2m1!1s0x0:0xb655cceb859fd69a!3m1!1s2@1:CIHM0ogKEICAgICOoq6wgAE%7CCgwI983ylAYQyOLmhQE%7C?hl=en,"Celebr√© mi cumplea√±os con ellos, me dejaron tirada en otro sitio y fue todo a √∫ltima hora y con ellos fueron todo lo facilidades! Gran m√∫sica, gran ambiente, y un servicio inmejorable.
Desde luego repetiremos!"
3,2023-06-06T14:46:59.015Z,Alberto ‚Äúmigahome‚Äù,https://www.google.com/maps/reviews/data=!4m8!14m7!1m6!2m5!1sChdDSUhNMG9nS0VJQ0FnSUR4Mm9lbXBBRRAB!2m1!1s0x0:0xb655cceb859fd69a!3m1!1s2@1:CIHM0ogKEICAgIDx2oempAE%7CCgsI4439owYQiL23Bw%7C?hl=en,"Sitio peque√±o para celebrar cumplea√±os. Dejan llevar tu comida y poner tu m√∫sica una hora, luego la ponen ellos.
La cerveza de barril cuesta 3 ‚Ç¨ pero cuando se gasta, los tercios est√°n a 4,5‚Ç¨‚Ä¶"
5,2022-11-29T17:58:53.465Z,Manolo Mu√±oz,https://www.google.com/maps/reviews/data=!4m8!14m7!1m6!2m5!1sChdDSUhNMG9nS0VJQ0FnSUQtam9iX193RRAB!2m1!1s0x0:0xb655cceb859fd69a!3m1!1s2@1:CIHM0ogKEICAgID-job__wE%7CCgwI3ZCZnAYQ0L7x3QE%7C?hl=en,"El pasado s√°bado celebramos una fiesta familiar de cumplea√±os en Manhattan y fue fant√°stico, el local cumpli√≥ todas nuestras expectativas y pasamos una jornada estupenda. Es un sitio muy acogedor y sus responsables muy atentos. Sitio muy recomendable y una experiencia para repetir. Muchas gracias"
3,2025-05-11T10:27:39.309Z,Nataly Gonz√°lez,https://www.google.com/maps/reviews/data=!4m8!14m7!1m6!2m5!1sChZDSUhNMG9nS0VJZVZ6dHY2d1B1Yk1REAE!2m1!1s0x0:0xb655cceb859fd69a!3m1!1s2@1:CIHM0ogKEIeVztv6wPubMQ%7CCgwIm_eBwQYQgJuykwE%7C?hl=en,"La m√∫sica no me gustaba nada, lo √∫nico el camarero Piti nos dej√≥ poner nuestra m√∫sica."
1,2025-04-07T21:31:46.209Z,Gabriele,https://www.google.com/maps/reviews/data=!4m8!14m7!1m6!2m5!1sChdDSUhNMG9nS0VJQ0FnTURJekoyZTlBRRAB!2m1!1s0x0:0xb655cceb859fd69a!3m1!1s2@1:CIHM0ogKEICAgMDIzJ2e9AE%7CCgsIwojRvwYQ-ML-Yw%7C?hl=en,
1,2024-12-16T15:44:20.158Z,mi Ro,https://www.google.com/maps/reviews/data=!4m8!14m7!1m6!2m5!1sChdDSUhNMG9nS0VJQ0FnSUR2b0pQZS1BRRAB!2m1!1s0x0:0xb655cceb859fd69a!3m1!1s2@1:CIHM0ogKEICAgIDvoJPe-AE%7CCgsI1JWBuwYQkMTGSw%7C?hl=en,Casi salimos peleando y la camarera nos quiso estafar.
4,2024-11-24T10:31:49.866Z,Oscar M,https://www.google.com/maps/reviews/data=!4m8!14m7!1m6!2m5!1sChZDSUhNMG9nS0VJQ0FnSUNQam9IX1ZBEAE!2m1!1s0x0:0xb655cceb859fd69a!3m1!1s2@1:CIHM0ogKEICAgICPjoH_VA%7CCgwIlYGMugYQ-JagnQM%7C?hl=en,Buena m√∫sica ochentera y buen ambiente
5,2024-11-24T08:14:18.604Z,Gustavo Torres,https://www.google.com/maps/reviews/data=!4m8!14m7!1m6!2m5!1sChZDSUhNMG9nS0VJQ0FnSUNQOXB6a2V3EAE!2m1!1s0x0:0xb655cceb859fd69a!3m1!1s2@1:CIHM0ogKEICAgICP9pzkew%7CCgwI2sCLugYQyOqzoAI%7C?hl=en,
5,2024-11-17T16:01:09.550Z,Luis Ramos Garc√≠a,https://www.google.com/maps/reviews/data=!4m8!14m7!1m6!2m5!1sChdDSUhNMG9nS0VJQ0FnSUQzemZ2NG9BRRAB!2m1!1s0x0:0xb655cceb859fd69a!3m1!1s2@1:CIHM0ogKEICAgID3zfv4oAE%7CCgwIxabouQYQ6LfJhgI%7C?hl=en,
5,2024-03-03T08:45:50.300Z,Laura Rm,https://www.google.com/maps/reviews/data=!4m8!14m7!1m6!2m5!1sChdDSUhNMG9nS0VJQ0FnSUM5OU0zT3BnRRAB!2m1!1s0x0:0xb655cceb859fd69a!3m1!1s2@1:CIHM0ogKEICAgIC99M3OpgE%7CCgwIvvGQrwYQ6I6bjwE%7C?hl=en,"Sitio genial para ir a tomarte unos copazos, la m√∫sica est√° bien y el personal es maj√≠simo. Adem√°s el bar tiene una decoraci√≥n muy retro q nos encant√≥ ‚ò∫Ô∏è"
4,2024-02-16T12:18:51.535Z,Isa,https://www.google.com/maps/reviews/data=!4m8!14m7!1m6!2m5!1sChdDSUhNMG9nS0VJQ0FnSUNkbWRmNDN3RRAB!2m1!1s0x0:0xb655cceb859fd69a!3m1!1s2@1:CIHM0ogKEICAgICdmdf43wE%7CCgwIq6W9rgYQoLmS_wE%7C?hl=en,
5,2023-12-11T15:13:15.504Z,Aida √Ålvarez,https://www.google.com/maps/reviews/data=!4m8!14m7!1m6!2m5!1sChZDSUhNMG9nS0VJQ0FnSURWM05MWUpnEAE!2m1!1s0x0:0xb655cceb859fd69a!3m1!1s2@1:CIHM0ogKEICAgIDV3NLYJg%7CCgwIi87cqwYQiPet8AE%7C?hl=en,Excelente lugar para ir a tomar algo o para celebrar un evento. Todo  son facilidades y amabilidad por su lado. Adem√°s de buena ambiente y m√∫sica.
5,2023-11-05T03:06:49.704Z,Paola Rodriguez,https://www.google.com/maps/reviews/data=!4m8!14m7!1m6!2m5!1sChdDSUhNMG9nS0VJQ0FnSURGOHBLdnlnRRAB!2m1!1s0x0:0xb655cceb859fd69a!3m1!1s2@1:CIHM0ogKEICAgIDF8pKvygE%7CCgwIyY2cqgYQuM-P0AI%7C?hl=en,"Estuvimos ah√≠ el S√°bado noche y un ambiente espectacular, los trabajadores son unos amores tanto el chico de las tarjetas como el de la barra. Volveremos"
5,2023-05-16T18:34:15.843Z,Firefly_ Pif,https://www.google.com/maps/reviews/data=!4m8!14m7!1m6!2m5!1sChZDSUhNMG9nS0VJQ0FnSUN4NXBXNld3EAE!2m1!1s0x0:0xb655cceb859fd69a!3m1!1s2@1:CIHM0ogKEICAgICx5pW6Ww%7CCgwIp5mPowYQ8P-RkgM%7C?hl=en,Local de ambiente. Lo pasamos genial y la atenci√≥n fue muy agradable. Buena m√∫sica.
5,2023-05-16T18:03:20.021Z,Roxana,https://www.google.com/maps/reviews/data=!4m8!14m7!1m6!2m5!1sChdDSUhNMG9nS0VJQ0FnSUN4NXViemt3RRAB!2m1!1s0x0:0xb655cceb859fd69a!3m1!1s2@1:CIHM0ogKEICAgICx5ubzkwE%7CCgsI6IqPowYQyLGdCg%7C?hl=en,"El s√°bado 12 de mayo celebre mi despedida de soltera. Todo perfecto, la atenci√≥n, la m√∫sica y la hospitalidad de los due√±os."
5,2023-05-16T18:02:55.854Z,Estera Sav,https://www.google.com/maps/reviews/data=!4m8!14m7!1m6!2m5!1sChZDSUhNMG9nS0VJQ0FnSUN4NXVhMGJREAE!2m1!1s0x0:0xb655cceb859fd69a!3m1!1s2@1:CIHM0ogKEICAgICx5ua0bQ%7CCgwIz4qPowYQyM2llwM%7C?hl=en,Hemos tenido una despedida de soltera aqu√≠ para 14 chicas y hemos estado s√∫per agusto. Siempre estaban a nuestra disposici√≥n para lo que necesit√°ramos y el sitio es perfecto para celebrar algo privado. Yo volver√© seguro!
5,2023-03-01T13:20:27.389Z,Sara Cobos,https://www.google.com/maps/reviews/data=!4m8!14m7!1m6!2m5!1sChZDSUhNMG9nS0VJQ0FnSURoaE4yNkZnEAE!2m1!1s0x0:0xb655cceb859fd69a!3m1!1s2@1:CIHM0ogKEICAgIDhhN26Fg%7CCgwIm6L9nwYQuPv4uQE%7C?hl=en,"Todo perfecto. Mar√≠a un encanto, me ayud√≥ mucho y todo han sido facilidades. Lo pasamos fenomenal, hasta las 12 con nuestra m√∫sica y luego el pincha. Repetiremos seguro"
5,2023-02-23T22:02:38.154Z,Ana Vadillo,https://www.google.com/maps/reviews/data=!4m8!14m7!1m6!2m5!1sChdDSUhNMG9nS0VJQ0FnSUNocDZIUl9RRRAB!2m1!1s0x0:0xb655cceb859fd69a!3m1!1s2@1:CIHM0ogKEICAgIChp6HR_QE%7CCgsI_sTfnwYQyOzwSQ%7C?hl=en,"Celebr√© mi cumplea√±os en The Manhattan y fue todo fenomenal. El local es perfecto para una celebraci√≥n privada. Los due√±os muy amables, se esfuerzan en que todo est√© perfecto."
3,2023-02-10T14:58:42.443Z,Alfredo Tercero,https://www.google.com/maps/reviews/data=!4m8!14m7!1m6!2m5!1sChZDSUhNMG9nS0VJQ0FnSUNoNnRlMFdnEAE!2m1!1s0x0:0xb655cceb859fd69a!3m1!1s2@1:CIHM0ogKEICAgICh6te0Wg%7CCgwIoreZnwYQqKDY0wE%7C?hl=en,
5,2023-02-09T09:32:59.394Z,H√©ctor Alberto Gonz√°lez Camba,https://www.google.com/maps/reviews/data=!4m8!14m7!1m6!2m5!1sChZDSUhNMG9nS0VJQ0FnSUNoMG9ySVZ3EAE!2m1!1s0x0:0xb655cceb859fd69a!3m1!1s2@1:CIHM0ogKEICAgICh0orIVw%7CCgwIy_uSnwYQsNabvAE%7C?hl=en,"Amables y atentos, realizar mi evento con ellos ha sido todo un acierto."
5,2023-01-31T12:04:55.539Z,Yolanda Cort√©s,https://www.google.com/maps/reviews/data=!4m8!14m7!1m6!2m5!1sChdDSUhNMG9nS0VJQ0FnSURCOTRLdjhRRRAB!2m1!1s0x0:0xb655cceb859fd69a!3m1!1s2@1:CIHM0ogKEICAgIDB94Kv8QE%7CCgwI54fkngYQ8I-fgQI%7C?hl=en,"La atenci√≥n fue magn√≠fica, tanto durante el proceso de reserva como durante la celebraci√≥n. Un sitio muy agradable y la m√∫sica divertida. Recomensable"
5,2023-01-15T08:31:04.281Z,Nieves Ajenjo,https://www.google.com/maps/reviews/data=!4m8!14m7!1m6!2m5!1sChdDSUhNMG9nS0VJQ0FnSURCb3ZfZTF3RRAB!2m1!1s0x0:0xb655cceb859fd69a!3m1!1s2@1:CIHM0ogKEICAgIDBov_e1wE%7CCgwIyPOOngYQ6JG1hgE%7C?hl=en,El viernes celebre mi cumplea√±os y la verdad que pasamos un d√≠a GENIAL! El local es precioso y la due√±a SUPER atenta üíïüíï VOLVEREMOS ü´∂
1,2023-01-07T10:54:21.514Z,Gabriela Tovar Hernandez,https://www.google.com/maps/reviews/data=!4m8!14m7!1m6!2m5!1sChZDSUhNMG9nS0VJQ0FnSUNCajVIN1pBEAE!2m1!1s0x0:0xb655cceb859fd69a!3m1!1s2@1:CIHM0ogKEICAgICBj5H7ZA%7CCgwI3Z7lnQYQuKK19QE%7C?hl=en,"Queria celebrar un cumplea√±os aqui, pero antes quer√≠a ir a ver el bar, me dijeron que estar√≠an abiertos el dia de reyes lo cual me pareci√≥ raro porque es una fecha importante, no obstante me dijeron que abririan si o si porque el jueves estarian cerrados pero si cambiaban de horario me lo avisar√≠a. Al no avisarme nada, fui como hab√≠a quedado, a las 10pm el viernes de reyes, y me encuentro con el local cerrado. Igualmente durante esta semana sabiendo lo cerca que estaba el cumple le coment√© a la chica, Mar√≠a que quer√≠a pagar la reserva de una vez para no perder la disponibilidad incluso sin ver el bar, y ella me dijo que lo fuera a ver y que si alguien tenia intenciones de reservar, me avisaria antes. Pues me encuentro el dia de ayer a las 10pm al frente del bar totalmente cerrado, llamo y me comentan que estan cerrados porque iq abrieron el jueves y ademas me dicen que ya habian reservado el dia que yo queria y que no quedaba sino para finales de enero. Las cosas pasan por algo, esta falta de seriedad me hubiese pasado el dia de la fiesta de cumple y me muero... asi que mejor que me pas√≥ ahora.
Te vende la moto con la simpat√≠a en el telefono y resulta que no es nada seria."
5,2022-10-25T05:53:22.370Z,Cristina Rodr√≠guez Garc√≠a,https://www.google.com/maps/reviews/data=!4m8!14m7!1m6!2m5!1sChZDSUhNMG9nS0VJQ0FnSUMtMExuamF3EAE!2m1!1s0x0:0xb655cceb859fd69a!3m1!1s2@1:CIHM0ogKEICAgIC-0Lnjaw%7CCgwI0vPdmgYQ4L3CsAE%7C?hl=en,Celebre ah√≠ mi 40 cumplea√±os y fue genial. La m√∫sica variada para no dejar de bailar y Maria pendiente de que todo estuviese bien. Repetir√© seguro.
5,2022-10-06T13:01:08.069Z,Jessica M√°rquez Coto,https://www.google.com/maps/reviews/data=!4m8!14m7!1m6!2m5!1sChdDSUhNMG9nS0VJQ0FnSURla3BfQ19nRRAB!2m1!1s0x0:0xb655cceb859fd69a!3m1!1s2@1:CIHM0ogKEICAgIDekp_C_gE%7CCgsIlKP7mQYQ0N2AIQ%7C?hl=en,"Me result√≥ muy agradable y acogedor, con buena m√∫sica. Los camareros fueron muy atentos.
Muchas gracias!!"
5,2022-10-04T19:43:04.681Z,Antonia Rivera Gallardo,https://www.google.com/maps/reviews/data=!4m8!14m7!1m6!2m5!1sChZDSUhNMG9nS0VJQ0FnSURlM0tTekZ3EAE!2m1!1s0x0:0xb655cceb859fd69a!3m1!1s2@1:CIHM0ogKEICAgIDe3KSzFw%7CCgwIyJnymQYQ6KKQxQI%7C?hl=en,"Buen ambiente, buena m√∫sica y mejor trato. Un sitio perfecto para fiestas privadas"
5,2022-10-04T14:55:22.751Z,Cristina G√≥mez Plaza,https://www.google.com/maps/reviews/data=!4m8!14m7!1m6!2m5!1sChZDSUhNMG9nS0VJQ0FnSURlN09fSlN3EAE!2m1!1s0x0:0xb655cceb859fd69a!3m1!1s2@1:CIHM0ogKEICAgIDe7O_JSw%7CCgwI2pLxmQYQ2Puc5gI%7C?hl=en,Genial !!! Volveremos üëèüëè
5,2022-10-04T12:18:31.281Z,SuperReca24,https://www.google.com/maps/reviews/data=!4m8!14m7!1m6!2m5!1sChdDSUhNMG9nS0VJQ0FnSURlN1B5U2hBRRAB!2m1!1s0x0:0xb655cceb859fd69a!3m1!1s2@1:CIHM0ogKEICAgIDe7PyShAE%7CCgwIl8nwmQYQqI-hhgE%7C?hl=en,Mejor trato imposible !
5,2022-10-04T11:53:24.083Z,Lourdes del Amo,https://www.google.com/maps/reviews/data=!4m8!14m7!1m6!2m5!1sChdDSUhNMG9nS0VJQ0FnSURlN0lTVG9nRRAB!2m1!1s0x0:0xb655cceb859fd69a!3m1!1s2@1:CIHM0ogKEICAgIDe7ISTogE%7CCgsItL3wmQYQ8M_6Jw%7C?hl=en,"M√∫sica estupenda, acogedor, el lugar es perfecto para un evento privado. Muy buena gesti√≥n y atenci√≥n de los encargados."
5,2022-10-04T08:23:48.558Z,Sonia Salgado,https://www.google.com/maps/reviews/data=!4m8!14m7!1m6!2m5!1sChZDSUhNMG9nS0VJQ0FnSURlck55T0NnEAE!2m1!1s0x0:0xb655cceb859fd69a!3m1!1s2@1:CIHM0ogKEICAgIDerNyOCg%7CCgwIlNvvmQYQwL-jigI%7C?hl=en,El bar es perfecto para celebrar tu cumplea√±os. Lo recomiendo encarecidamente. Mery te lo hace todo muy f√°cil. Mil gracias por todo!!
5,2022-10-04T08:00:43.897Z,Judit LC,https://www.google.com/maps/reviews/data=!4m8!14m7!1m6!2m5!1sChZDSUhNMG9nS0VJQ0FnSURlcklUX0lnEAE!2m1!1s0x0:0xb655cceb859fd69a!3m1!1s2@1:CIHM0ogKEICAgIDerIT_Ig%7CCgwIq9DvmQYQsJz5qwM%7C?hl=en,"Muy buena atenci√≥n, muy buena atm√≥sfera y buena m√∫sica :)"
5,2022-10-04T07:32:08.306Z,Teresa Manso,https://www.google.com/maps/reviews/data=!4m8!14m7!1m6!2m5!1sChdDSUhNMG9nS0VJQ0FnSURlcktEZXB3RRAB!2m1!1s0x0:0xb655cceb859fd69a!3m1!1s2@1:CIHM0ogKEICAgIDerKDepwE%7CCgwI-MLvmQYQuMiEkgE%7C?hl=en,Perfecto para celebrar fiestas privadas. El personal fue muy amable y atento.
5,2022-05-27T22:28:58.212Z,Arya Tafreshi,https://www.google.com/maps/reviews/data=!4m8!14m7!1m6!2m5!1sChZDSUhNMG9nS0VJQ0FnSUQydDdxSVlBEAE!2m1!1s0x0:0xb655cceb859fd69a!3m1!1s2@1:CIHM0ogKEICAgID2t7qIYA%7CCgsIqqHFlAYQiLzBZQ%7C?hl=en,El local ideal para celebrar hacer fiestas privadas y disfrutar de la m√∫sica. He celebrado mi cumplea√±os en este local y ha sido una experiencia √∫nica y inolvidable!
5,2022-05-27T18:58:19.891Z,Liu Inception,https://www.google.com/maps/reviews/data=!4m8!14m7!1m6!2m5!1sChdDSUhNMG9nS0VJQ0FnSUQyMS0yeTlRRRAB!2m1!1s0x0:0xb655cceb859fd69a!3m1!1s2@1:CIHM0ogKEICAgID21-2y9QE%7CCgwIy77ElAYQ4LKfqQM%7C?hl=en,"Un sitio Increible donde tuve mucha suerte de celebrar mi cumplea√±os, el trato fue excelente no, lo siguiente. Los camareros muy atentos y muy enrollados, voy a repetir, no lo dudo"
